USE db_assignment_2;

-- Tắt kiểm tra khóa ngoại để có thể xóa và chèn tự do
SET FOREIGN_KEY_CHECKS = 0;

-- =========================================
-- PHẦN 1: DỌN SẠCH DỮ LIỆU CŨ (CLEAN UP)
-- Xóa từ bảng con ngược lên bảng cha
-- =========================================
DELETE FROM RETURN_REQUEST;
DELETE FROM REVIEW_MEDIA;
DELETE FROM REVIEW;
DELETE FROM SHIPMENT;
DELETE FROM PAYMENT;
DELETE FROM ORDER_ITEM;
DELETE FROM CUSTOMER_ORDER;
DELETE FROM CART_ITEM;
DELETE FROM CART;
DELETE FROM PROMOTION_ITEM;
DELETE FROM CAMPAIGN;
DELETE FROM VOUCHER_WALLET;
DELETE FROM VOUCHER;
DELETE FROM PRODUCT_MEDIA;
DELETE FROM PRODUCT_VARIANT;
DELETE FROM PRODUCT;
DELETE FROM STORE;
DELETE FROM CATEGORY;
DELETE FROM ADDRESS;
DELETE FROM ADMIN;
DELETE FROM SELLER;
DELETE FROM BUYER;
DELETE FROM USER_ACCOUNT;

-- =========================================
-- PHẦN 2: CHÈN DỮ LIỆU MỚI (SEED DATA)
-- Chèn từ bảng cha xuống bảng con
-- =========================================

-- 1. USER_ACCOUNT 
INSERT INTO USER_ACCOUNT (account_id, username, password_hash, email, phone, status) VALUES
(UUID_TO_BIN('b0000000-0000-4000-8000-000000000001'), 'buyer1', 'hash_pw_1', 'buyer1@gmail.com', '0901000001', 'active'),
(UUID_TO_BIN('b0000000-0000-4000-8000-000000000002'), 'buyer2', 'hash_pw_2', 'buyer2@gmail.com', '0901000002', 'active'),
(UUID_TO_BIN('b0000000-0000-4000-8000-000000000003'), 'buyer3', 'hash_pw_3', 'buyer3@gmail.com', '0901000003', 'active'),
(UUID_TO_BIN('b0000000-0000-4000-8000-000000000004'), 'buyer4', 'hash_pw_4', 'buyer4@gmail.com', '0901000004', 'active'),
(UUID_TO_BIN('b0000000-0000-4000-8000-000000000005'), 'buyer5', 'hash_pw_5', 'buyer5@gmail.com', '0901000005', 'active'),

(UUID_TO_BIN('c0000000-0000-4000-8000-000000000001'), 'seller1', 'hash_pw_6', 'seller1@gmail.com', '0902000001', 'active'),
(UUID_TO_BIN('c0000000-0000-4000-8000-000000000002'), 'seller2', 'hash_pw_7', 'seller2@gmail.com', '0902000002', 'active'),
(UUID_TO_BIN('c0000000-0000-4000-8000-000000000003'), 'seller3', 'hash_pw_8', 'seller3@gmail.com', '0902000003', 'active'),
(UUID_TO_BIN('c0000000-0000-4000-8000-000000000004'), 'seller4', 'hash_pw_9', 'seller4@gmail.com', '0902000004', 'active'),
(UUID_TO_BIN('c0000000-0000-4000-8000-000000000005'), 'seller5', 'hash_pw_10', 'seller5@gmail.com', '0902000005', 'active'),

(UUID_TO_BIN('a0000000-0000-4000-8000-000000000001'), 'admin1', 'hash_pw_11', 'admin1@company.com', '0903000001', 'active'),
(UUID_TO_BIN('a0000000-0000-4000-8000-000000000002'), 'admin2', 'hash_pw_12', 'admin2@company.com', '0903000002', 'active'),
(UUID_TO_BIN('a0000000-0000-4000-8000-000000000003'), 'admin3', 'hash_pw_13', 'admin3@company.com', '0903000003', 'active'),
(UUID_TO_BIN('a0000000-0000-4000-8000-000000000004'), 'admin4', 'hash_pw_14', 'admin4@company.com', '0903000004', 'active'),
(UUID_TO_BIN('a0000000-0000-4000-8000-000000000005'), 'admin5', 'hash_pw_15', 'admin5@company.com', '0903000005', 'active');

-- 2. BUYER
INSERT INTO BUYER (account_id, first_name, last_name, loyalty_points) VALUES
(UUID_TO_BIN('b0000000-0000-4000-8000-000000000001'), 'Nguyễn', 'Văn A', 150),
(UUID_TO_BIN('b0000000-0000-4000-8000-000000000002'), 'Trần', 'Thị B', 200),
(UUID_TO_BIN('b0000000-0000-4000-8000-000000000003'), 'Lê', 'Văn C', 50),
(UUID_TO_BIN('b0000000-0000-4000-8000-000000000004'), 'Phạm', 'Thị D', 0),
(UUID_TO_BIN('b0000000-0000-4000-8000-000000000005'), 'Hoàng', 'Văn E', 500);

-- 3. SELLER
INSERT INTO SELLER (account_id, shop_name, tax_id, is_verified) VALUES
(UUID_TO_BIN('c0000000-0000-4000-8000-000000000001'), 'Tech Store VN', 'TAX001', TRUE),
(UUID_TO_BIN('c0000000-0000-4000-8000-000000000002'), 'Fashion Hub', 'TAX002', TRUE),
(UUID_TO_BIN('c0000000-0000-4000-8000-000000000003'), 'Book Worm', 'TAX003', FALSE),
(UUID_TO_BIN('c0000000-0000-4000-8000-000000000004'), 'Home Appliance', 'TAX004', TRUE),
(UUID_TO_BIN('c0000000-0000-4000-8000-000000000005'), 'Sport Gear', 'TAX005', TRUE);

-- 4. ADMIN
INSERT INTO ADMIN (account_id, employee_code, role) VALUES
(UUID_TO_BIN('a0000000-0000-4000-8000-000000000001'), 'EMP001', 'Super Admin'),
(UUID_TO_BIN('a0000000-0000-4000-8000-000000000002'), 'EMP002', 'Moderator'),
(UUID_TO_BIN('a0000000-0000-4000-8000-000000000003'), 'EMP003', 'Support Lead'),
(UUID_TO_BIN('a0000000-0000-4000-8000-000000000004'), 'EMP004', 'Financial Admin'),
(UUID_TO_BIN('a0000000-0000-4000-8000-000000000005'), 'EMP005', 'Content Manager');

-- 5. ADDRESS
INSERT INTO ADDRESS (address_id, account_id, full_name, phone, house_num, street, ward, district, is_default, type) VALUES
(UUID_TO_BIN('d0000000-0000-4000-8000-000000000001'), UUID_TO_BIN('b0000000-0000-4000-8000-000000000001'), 'Nguyễn Văn A', '0901000001', '123', 'Lý Thường Kiệt', 'Phường 14', 'Quận 10', TRUE, 'home'),
(UUID_TO_BIN('d0000000-0000-4000-8000-000000000002'), UUID_TO_BIN('b0000000-0000-4000-8000-000000000002'), 'Trần Thị B', '0901000002', '45', 'Lê Lợi', 'Bến Nghé', 'Quận 1', TRUE, 'office'),
(UUID_TO_BIN('d0000000-0000-4000-8000-000000000003'), UUID_TO_BIN('b0000000-0000-4000-8000-000000000003'), 'Lê Văn C', '0901000003', '789', 'Nguyễn Trãi', 'Phường 11', 'Quận 5', TRUE, 'home'),
(UUID_TO_BIN('d0000000-0000-4000-8000-000000000004'), UUID_TO_BIN('b0000000-0000-4000-8000-000000000004'), 'Phạm Thị D', '0901000004', '12', 'Điện Biên Phủ', 'Phường 22', 'Bình Thạnh', TRUE, 'office'),
(UUID_TO_BIN('d0000000-0000-4000-8000-000000000005'), UUID_TO_BIN('b0000000-0000-4000-8000-000000000005'), 'Hoàng Văn E', '0901000005', '99', 'Cộng Hòa', 'Phường 4', 'Tân Bình', TRUE, 'home');

-- 6. CATEGORY
INSERT INTO CATEGORY (category_id, name, parent_id) VALUES
(UUID_TO_BIN('e0000000-0000-4000-8000-000000000001'), 'Điện thoại & Phụ kiện', NULL),
(UUID_TO_BIN('e0000000-0000-4000-8000-000000000002'), 'Máy tính Laptop', NULL),
(UUID_TO_BIN('e0000000-0000-4000-8000-000000000003'), 'Thời trang nam', NULL),
(UUID_TO_BIN('e0000000-0000-4000-8000-000000000004'), 'Đồ gia dụng', NULL),
(UUID_TO_BIN('e0000000-0000-4000-8000-000000000005'), 'Sách & Văn phòng phẩm', NULL);

-- 7. STORE
INSERT INTO STORE (store_id, seller_id, store_name, rating) VALUES
(UUID_TO_BIN('f0000000-0000-4000-8000-000000000001'), UUID_TO_BIN('c0000000-0000-4000-8000-000000000001'), 'Apple Authorized VN', 4.9),
(UUID_TO_BIN('f0000000-0000-4000-8000-000000000002'), UUID_TO_BIN('c0000000-0000-4000-8000-000000000002'), 'CoolMate Official', 4.8),
(UUID_TO_BIN('f0000000-0000-4000-8000-000000000003'), UUID_TO_BIN('c0000000-0000-4000-8000-000000000003'), 'Fahasa BKS', 4.7),
(UUID_TO_BIN('f0000000-0000-4000-8000-000000000004'), UUID_TO_BIN('c0000000-0000-4000-8000-000000000004'), 'Philips House', 4.5),
(UUID_TO_BIN('f0000000-0000-4000-8000-000000000005'), UUID_TO_BIN('c0000000-0000-4000-8000-000000000005'), 'Nike Flagship', 4.9);

-- 8. PRODUCT
INSERT INTO PRODUCT (product_id, store_id, category_id, name, description, base_price, status) VALUES
(UUID_TO_BIN('10000000-0000-4000-8000-000000000001'), UUID_TO_BIN('f0000000-0000-4000-8000-000000000001'), UUID_TO_BIN('e0000000-0000-4000-8000-000000000001'), 'iPhone 15 Pro Max', 'Điện thoại Apple mới nhất', 29000000, 'active'),
(UUID_TO_BIN('10000000-0000-4000-8000-000000000002'), UUID_TO_BIN('f0000000-0000-4000-8000-000000000001'), UUID_TO_BIN('e0000000-0000-4000-8000-000000000002'), 'MacBook Pro M3', 'Laptop mạnh mẽ', 45000000, 'active'),
(UUID_TO_BIN('10000000-0000-4000-8000-000000000003'), UUID_TO_BIN('f0000000-0000-4000-8000-000000000002'), UUID_TO_BIN('e0000000-0000-4000-8000-000000000003'), 'Áo thun Cotton Compact', 'Mềm mại, thoáng mát', 250000, 'active'),
(UUID_TO_BIN('10000000-0000-4000-8000-000000000004'), UUID_TO_BIN('f0000000-0000-4000-8000-000000000004'), UUID_TO_BIN('e0000000-0000-4000-8000-000000000004'), 'Nồi chiên không dầu Philips', 'Dung tích 5L', 2500000, 'active'),
(UUID_TO_BIN('10000000-0000-4000-8000-000000000005'), UUID_TO_BIN('f0000000-0000-4000-8000-000000000003'), UUID_TO_BIN('e0000000-0000-4000-8000-000000000005'), 'Clean Code', 'Sách cho lập trình viên', 350000, 'active');

-- 9. PRODUCT_VARIANT
INSERT INTO PRODUCT_VARIANT (variant_id, product_id, sku, options, price_adj, stock, variant_image_url) VALUES
(UUID_TO_BIN('20000000-0000-4000-8000-000000000001'), UUID_TO_BIN('10000000-0000-4000-8000-000000000001'), 'IP15PM-256', 'Màu: Titan, Dung lượng: 256GB', 0, 50, 'url_img_1'),
(UUID_TO_BIN('20000000-0000-4000-8000-000000000002'), UUID_TO_BIN('10000000-0000-4000-8000-000000000001'), 'IP15PM-512', 'Màu: Titan, Dung lượng: 512GB', 5000000, 20, 'url_img_2'),
(UUID_TO_BIN('20000000-0000-4000-8000-000000000003'), UUID_TO_BIN('10000000-0000-4000-8000-000000000002'), 'MAC-M3-16GB', 'RAM: 16GB, SSD: 512GB', 0, 15, 'url_img_3'),
(UUID_TO_BIN('20000000-0000-4000-8000-000000000004'), UUID_TO_BIN('10000000-0000-4000-8000-000000000003'), 'TSHIRT-BLK', 'Màu: Đen, Size: L', 0, 200, 'url_img_4'),
(UUID_TO_BIN('20000000-0000-4000-8000-000000000005'), UUID_TO_BIN('10000000-0000-4000-8000-000000000004'), 'PHILIPS-5L', 'Màu: Đen', 0, 30, 'url_img_5');

-- 10. PRODUCT_MEDIA
INSERT INTO PRODUCT_MEDIA (media_id, product_id, url, type) VALUES
(UUID_TO_BIN('30000000-0000-4000-8000-000000000001'), UUID_TO_BIN('10000000-0000-4000-8000-000000000001'), 'img.apple.com/ip15_1', 'image'),
(UUID_TO_BIN('30000000-0000-4000-8000-000000000002'), UUID_TO_BIN('10000000-0000-4000-8000-000000000002'), 'img.apple.com/macm3_1', 'image'),
(UUID_TO_BIN('30000000-0000-4000-8000-000000000003'), UUID_TO_BIN('10000000-0000-4000-8000-000000000003'), 'img.coolmate.me/shirt_1', 'image'),
(UUID_TO_BIN('30000000-0000-4000-8000-000000000004'), UUID_TO_BIN('10000000-0000-4000-8000-000000000004'), 'img.philips.com/fryer_1', 'image'),
(UUID_TO_BIN('30000000-0000-4000-8000-000000000005'), UUID_TO_BIN('10000000-0000-4000-8000-000000000005'), 'img.fahasa.com/cleancode_1', 'image');

-- 11. VOUCHER
INSERT INTO VOUCHER (voucher_id, store_id, code, discount_type, discount_val, max_discount_val, min_spend, usage_limit, exp_date) VALUES
(UUID_TO_BIN('40000000-0000-4000-8000-000000000001'), UUID_TO_BIN('f0000000-0000-4000-8000-000000000001'), 'APPLE500K', 'fixed', 500000, 500000, 10000000, 100, '2026-12-31 23:59:59'),
(UUID_TO_BIN('40000000-0000-4000-8000-000000000002'), UUID_TO_BIN('f0000000-0000-4000-8000-000000000002'), 'COOL10', 'percent', 10, 50000, 200000, 500, '2026-12-31 23:59:59'),
(UUID_TO_BIN('40000000-0000-4000-8000-000000000003'), NULL, 'FREESHIP', 'fixed', 30000, 30000, 0, 1000, '2026-06-30 23:59:59'), 
(UUID_TO_BIN('40000000-0000-4000-8000-000000000004'), UUID_TO_BIN('f0000000-0000-4000-8000-000000000004'), 'HOME200K', 'fixed', 200000, 200000, 1500000, 50, '2026-12-31 23:59:59'),
(UUID_TO_BIN('40000000-0000-4000-8000-000000000005'), UUID_TO_BIN('f0000000-0000-4000-8000-000000000003'), 'BOOK20', 'percent', 20, 100000, 300000, 200, '2026-12-31 23:59:59');

-- 12. VOUCHER_WALLET
INSERT INTO VOUCHER_WALLET (buyer_id, voucher_id, is_used) VALUES
(UUID_TO_BIN('b0000000-0000-4000-8000-000000000001'), UUID_TO_BIN('40000000-0000-4000-8000-000000000001'), FALSE),
(UUID_TO_BIN('b0000000-0000-4000-8000-000000000001'), UUID_TO_BIN('40000000-0000-4000-8000-000000000003'), TRUE),
(UUID_TO_BIN('b0000000-0000-4000-8000-000000000002'), UUID_TO_BIN('40000000-0000-4000-8000-000000000002'), FALSE),
(UUID_TO_BIN('b0000000-0000-4000-8000-000000000003'), UUID_TO_BIN('40000000-0000-4000-8000-000000000003'), FALSE),
(UUID_TO_BIN('b0000000-0000-4000-8000-000000000004'), UUID_TO_BIN('40000000-0000-4000-8000-000000000004'), FALSE);

-- 13. CAMPAIGN
INSERT INTO CAMPAIGN (campaign_id, name, start_at, end_at, created_by) VALUES
(UUID_TO_BIN('50000000-0000-4000-8000-000000000001'), 'Siêu Sale 6.6', '2026-06-01 00:00:00', '2026-06-07 23:59:59', UUID_TO_BIN('a0000000-0000-4000-8000-000000000001')),
(UUID_TO_BIN('50000000-0000-4000-8000-000000000002'), 'Back to School', '2026-08-15 00:00:00', '2026-09-15 23:59:59', UUID_TO_BIN('a0000000-0000-4000-8000-000000000002')),
(UUID_TO_BIN('50000000-0000-4000-8000-000000000003'), 'Black Friday', '2026-11-25 00:00:00', '2026-11-30 23:59:59', UUID_TO_BIN('a0000000-0000-4000-8000-000000000003')),
(UUID_TO_BIN('50000000-0000-4000-8000-000000000004'), 'Giáng Sinh Ấm Áp', '2026-12-15 00:00:00', '2026-12-25 23:59:59', UUID_TO_BIN('a0000000-0000-4000-8000-000000000001')),
(UUID_TO_BIN('50000000-0000-4000-8000-000000000005'), 'Sale Lương Về', '2026-05-25 00:00:00', '2026-05-30 23:59:59', UUID_TO_BIN('a0000000-0000-4000-8000-000000000005'));

-- 14. PROMOTION_ITEM
INSERT INTO PROMOTION_ITEM (campaign_id, product_id, promo_price) VALUES
(UUID_TO_BIN('50000000-0000-4000-8000-000000000001'), UUID_TO_BIN('10000000-0000-4000-8000-000000000001'), 28500000),
(UUID_TO_BIN('50000000-0000-4000-8000-000000000002'), UUID_TO_BIN('10000000-0000-4000-8000-000000000002'), 43000000),
(UUID_TO_BIN('50000000-0000-4000-8000-000000000003'), UUID_TO_BIN('10000000-0000-4000-8000-000000000004'), 1990000),
(UUID_TO_BIN('50000000-0000-4000-8000-000000000004'), UUID_TO_BIN('10000000-0000-4000-8000-000000000003'), 199000),
(UUID_TO_BIN('50000000-0000-4000-8000-000000000005'), UUID_TO_BIN('10000000-0000-4000-8000-000000000005'), 300000);

-- 15. CART
INSERT INTO CART (cart_id, buyer_id) VALUES
(UUID_TO_BIN('60000000-0000-4000-8000-000000000001'), UUID_TO_BIN('b0000000-0000-4000-8000-000000000001')),
(UUID_TO_BIN('60000000-0000-4000-8000-000000000002'), UUID_TO_BIN('b0000000-0000-4000-8000-000000000002')),
(UUID_TO_BIN('60000000-0000-4000-8000-000000000003'), UUID_TO_BIN('b0000000-0000-4000-8000-000000000003')),
(UUID_TO_BIN('60000000-0000-4000-8000-000000000004'), UUID_TO_BIN('b0000000-0000-4000-8000-000000000004')),
(UUID_TO_BIN('60000000-0000-4000-8000-000000000005'), UUID_TO_BIN('b0000000-0000-4000-8000-000000000005'));

-- 16. CART_ITEM
INSERT INTO CART_ITEM (cart_id, variant_id, quantity) VALUES
(UUID_TO_BIN('60000000-0000-4000-8000-000000000001'), UUID_TO_BIN('20000000-0000-4000-8000-000000000001'), 1),
(UUID_TO_BIN('60000000-0000-4000-8000-000000000002'), UUID_TO_BIN('20000000-0000-4000-8000-000000000004'), 3),
(UUID_TO_BIN('60000000-0000-4000-8000-000000000003'), UUID_TO_BIN('20000000-0000-4000-8000-000000000005'), 1),
(UUID_TO_BIN('60000000-0000-4000-8000-000000000004'), UUID_TO_BIN('20000000-0000-4000-8000-000000000002'), 2),
(UUID_TO_BIN('60000000-0000-4000-8000-000000000005'), UUID_TO_BIN('20000000-0000-4000-8000-000000000003'), 1);

-- 17. CUSTOMER_ORDER
INSERT INTO CUSTOMER_ORDER (order_id, buyer_id, store_id, order_sn, total_amount, shipping_address_snapshot, status) VALUES
(UUID_TO_BIN('70000000-0000-4000-8000-000000000001'), UUID_TO_BIN('b0000000-0000-4000-8000-000000000001'), UUID_TO_BIN('f0000000-0000-4000-8000-000000000001'), 'SN20260501001', 29000000, '{"name": "Nguyễn Văn A", "phone": "0901000001", "addr": "123 LTK, Q10"}', 'completed'),
(UUID_TO_BIN('70000000-0000-4000-8000-000000000002'), UUID_TO_BIN('b0000000-0000-4000-8000-000000000002'), UUID_TO_BIN('f0000000-0000-4000-8000-000000000002'), 'SN20260501002', 500000, '{"name": "Trần Thị B", "phone": "0901000002", "addr": "45 Lê Lợi, Q1"}', 'completed'),
(UUID_TO_BIN('70000000-0000-4000-8000-000000000003'), UUID_TO_BIN('b0000000-0000-4000-8000-000000000003'), UUID_TO_BIN('f0000000-0000-4000-8000-000000000004'), 'SN20260501003', 2500000, '{"name": "Lê Văn C", "phone": "0901000003", "addr": "789 N.Trãi, Q5"}', 'completed'),
(UUID_TO_BIN('70000000-0000-4000-8000-000000000004'), UUID_TO_BIN('b0000000-0000-4000-8000-000000000004'), UUID_TO_BIN('f0000000-0000-4000-8000-000000000003'), 'SN20260501004', 350000, '{"name": "Phạm Thị D", "phone": "0901000004", "addr": "12 DBP, B.Thạnh"}', 'shipping'),
(UUID_TO_BIN('70000000-0000-4000-8000-000000000005'), UUID_TO_BIN('b0000000-0000-4000-8000-000000000005'), UUID_TO_BIN('f0000000-0000-4000-8000-000000000001'), 'SN20260501005', 45000000, '{"name": "Hoàng Văn E", "phone": "0901000005", "addr": "99 C.Hòa, T.Bình"}', 'pending');

-- 18. ORDER_ITEM
INSERT INTO ORDER_ITEM (order_id, variant_id, quantity, price_at_buy) VALUES
(UUID_TO_BIN('70000000-0000-4000-8000-000000000001'), UUID_TO_BIN('20000000-0000-4000-8000-000000000001'), 1, 29000000),
(UUID_TO_BIN('70000000-0000-4000-8000-000000000002'), UUID_TO_BIN('20000000-0000-4000-8000-000000000004'), 2, 250000),
(UUID_TO_BIN('70000000-0000-4000-8000-000000000003'), UUID_TO_BIN('20000000-0000-4000-8000-000000000005'), 1, 2500000),
(UUID_TO_BIN('70000000-0000-4000-8000-000000000004'), UUID_TO_BIN('20000000-0000-4000-8000-000000000005'), 1, 350000),
(UUID_TO_BIN('70000000-0000-4000-8000-000000000005'), UUID_TO_BIN('20000000-0000-4000-8000-000000000003'), 1, 45000000);

-- 19. PAYMENT
INSERT INTO PAYMENT (payment_id, order_id, method, amount, status) VALUES
(UUID_TO_BIN('80000000-0000-4000-8000-000000000001'), UUID_TO_BIN('70000000-0000-4000-8000-000000000001'), 'credit_card', 29000000, 'success'),
(UUID_TO_BIN('80000000-0000-4000-8000-000000000002'), UUID_TO_BIN('70000000-0000-4000-8000-000000000002'), 'e-wallet', 500000, 'success'),
(UUID_TO_BIN('80000000-0000-4000-8000-000000000003'), UUID_TO_BIN('70000000-0000-4000-8000-000000000003'), 'cod', 2500000, 'success'),
(UUID_TO_BIN('80000000-0000-4000-8000-000000000004'), UUID_TO_BIN('70000000-0000-4000-8000-000000000004'), 'cod', 350000, 'pending'),
(UUID_TO_BIN('80000000-0000-4000-8000-000000000005'), UUID_TO_BIN('70000000-0000-4000-8000-000000000005'), 'credit_card', 45000000, 'pending');

-- 20. SHIPMENT
INSERT INTO SHIPMENT (shipment_id, order_id, tracking_num, carrier, status) VALUES
(UUID_TO_BIN('90000000-0000-4000-8000-000000000001'), UUID_TO_BIN('70000000-0000-4000-8000-000000000001'), 'GHN123456789', 'Giao Hàng Nhanh', 'delivered'),
(UUID_TO_BIN('90000000-0000-4000-8000-000000000002'), UUID_TO_BIN('70000000-0000-4000-8000-000000000002'), 'GHTK987654321', 'Giao Hàng Tiết Kiệm', 'delivered'),
(UUID_TO_BIN('90000000-0000-4000-8000-000000000003'), UUID_TO_BIN('70000000-0000-4000-8000-000000000003'), 'VNPOST111222', 'VNPost', 'delivered'),
(UUID_TO_BIN('90000000-0000-4000-8000-000000000004'), UUID_TO_BIN('70000000-0000-4000-8000-000000000004'), 'JT333444555', 'J&T Express', 'shipping'),
(UUID_TO_BIN('90000000-0000-4000-8000-000000000005'), UUID_TO_BIN('70000000-0000-4000-8000-000000000005'), 'NINJA666777', 'Ninja Van', 'packing');

-- 21. REVIEW
INSERT INTO REVIEW (review_id, order_id, variant_id, buyer_id, rating, comment) VALUES
(UUID_TO_BIN('a1000000-0000-4000-8000-000000000001'), UUID_TO_BIN('70000000-0000-4000-8000-000000000001'), UUID_TO_BIN('20000000-0000-4000-8000-000000000001'), UUID_TO_BIN('b0000000-0000-4000-8000-000000000001'), 5, 'Điện thoại xài rất mượt!'),
(UUID_TO_BIN('a1000000-0000-4000-8000-000000000002'), UUID_TO_BIN('70000000-0000-4000-8000-000000000002'), UUID_TO_BIN('20000000-0000-4000-8000-000000000004'), UUID_TO_BIN('b0000000-0000-4000-8000-000000000002'), 4, 'Áo vải mát nhưng giao nhầm màu.'),
(UUID_TO_BIN('a1000000-0000-4000-8000-000000000003'), UUID_TO_BIN('70000000-0000-4000-8000-000000000003'), UUID_TO_BIN('20000000-0000-4000-8000-000000000005'), UUID_TO_BIN('b0000000-0000-4000-8000-000000000003'), 5, 'Nồi chiên to, nướng gà thoải mái.'),
(UUID_TO_BIN('a1000000-0000-4000-8000-000000000004'), UUID_TO_BIN('70000000-0000-4000-8000-000000000001'), UUID_TO_BIN('20000000-0000-4000-8000-000000000001'), UUID_TO_BIN('b0000000-0000-4000-8000-000000000001'), 3, 'Bọc hàng hơi móp móp hộp.'),
(UUID_TO_BIN('a1000000-0000-4000-8000-000000000005'), UUID_TO_BIN('70000000-0000-4000-8000-000000000002'), UUID_TO_BIN('20000000-0000-4000-8000-000000000004'), UUID_TO_BIN('b0000000-0000-4000-8000-000000000002'), 5, 'Mua thêm cái nữa vì giá rẻ.');

-- 22. REVIEW_MEDIA
INSERT INTO REVIEW_MEDIA (media_id, review_id, url) VALUES
(UUID_TO_BIN('b1000000-0000-4000-8000-000000000001'), UUID_TO_BIN('a1000000-0000-4000-8000-000000000001'), 'img.review.com/iphone_hand'),
(UUID_TO_BIN('b1000000-0000-4000-8000-000000000002'), UUID_TO_BIN('a1000000-0000-4000-8000-000000000002'), 'img.review.com/shirt_wrong_color'),
(UUID_TO_BIN('b1000000-0000-4000-8000-000000000003'), UUID_TO_BIN('a1000000-0000-4000-8000-000000000003'), 'img.review.com/chicken_fryer'),
(UUID_TO_BIN('b1000000-0000-4000-8000-000000000004'), UUID_TO_BIN('a1000000-0000-4000-8000-000000000004'), 'img.review.com/box_damage'),
(UUID_TO_BIN('b1000000-0000-4000-8000-000000000005'), UUID_TO_BIN('a1000000-0000-4000-8000-000000000005'), 'img.review.com/shirt_wear');

-- 23. RETURN_REQUEST
INSERT INTO RETURN_REQUEST (request_id, order_id, variant_id, quantity, reason, status) VALUES
(UUID_TO_BIN('c1000000-0000-4000-8000-000000000001'), UUID_TO_BIN('70000000-0000-4000-8000-000000000002'), UUID_TO_BIN('20000000-0000-4000-8000-000000000004'), 1, 'Giao nhầm size', 'pending'),
(UUID_TO_BIN('c1000000-0000-4000-8000-000000000002'), UUID_TO_BIN('70000000-0000-4000-8000-000000000001'), UUID_TO_BIN('20000000-0000-4000-8000-000000000001'), 1, 'Máy bị trầy xước nhẹ viền', 'rejected'),
(UUID_TO_BIN('c1000000-0000-4000-8000-000000000003'), UUID_TO_BIN('70000000-0000-4000-8000-000000000003'), UUID_TO_BIN('20000000-0000-4000-8000-000000000005'), 1, 'Cắm điện không lên', 'approved'),
(UUID_TO_BIN('c1000000-0000-4000-8000-000000000004'), UUID_TO_BIN('70000000-0000-4000-8000-000000000004'), UUID_TO_BIN('20000000-0000-4000-8000-000000000005'), 1, 'Sách bị rách gáy', 'pending'),
(UUID_TO_BIN('c1000000-0000-4000-8000-000000000005'), UUID_TO_BIN('70000000-0000-4000-8000-000000000005'), UUID_TO_BIN('20000000-0000-4000-8000-000000000003'), 1, 'Hủy đơn do tìm được chỗ rẻ hơn', 'approved');

-- Bật lại kiểm tra khóa ngoại sau khi hoàn tất
SET FOREIGN_KEY_CHECKS = 1;