USE db_assignment_2;

SET FOREIGN_KEY_CHECKS = 0;

TRUNCATE TABLE RETURN_REQUEST;
TRUNCATE TABLE REVIEW_MEDIA;
TRUNCATE TABLE REVIEW;
TRUNCATE TABLE SHIPMENT;
TRUNCATE TABLE PAYMENT;
TRUNCATE TABLE ORDER_ITEM;
TRUNCATE TABLE CUSTOMER_ORDER;
TRUNCATE TABLE CART_ITEM;
TRUNCATE TABLE CART;
TRUNCATE TABLE PROMOTION_ITEM;
TRUNCATE TABLE CAMPAIGN;
TRUNCATE TABLE VOUCHER_WALLET;
TRUNCATE TABLE VOUCHER;
TRUNCATE TABLE PRODUCT_MEDIA;
TRUNCATE TABLE PRODUCT_VARIANT;
TRUNCATE TABLE PRODUCT;
TRUNCATE TABLE STORE;
TRUNCATE TABLE CATEGORY;
TRUNCATE TABLE ADDRESS;
TRUNCATE TABLE ADMIN;
TRUNCATE TABLE SELLER;
TRUNCATE TABLE BUYER;
TRUNCATE TABLE USER_ACCOUNT;

INSERT INTO USER_ACCOUNT (account_id, username, password_hash, email, phone, status, is_deleted) VALUES
('b0000000-0000-4000-8000-000000000001', 'buyer1', 'hash_pw_1', 'buyer1@gmail.com', '0901000001', 'active', FALSE),
('b0000000-0000-4000-8000-000000000002', 'buyer2', 'hash_pw_2', 'buyer2@gmail.com', '0901000002', 'active', FALSE),
('b0000000-0000-4000-8000-000000000003', 'buyer3', 'hash_pw_3', 'buyer3@gmail.com', '0901000003', 'active', FALSE),
('b0000000-0000-4000-8000-000000000004', 'buyer4', 'hash_pw_4', 'buyer4@gmail.com', '0901000004', 'active', FALSE),
('b0000000-0000-4000-8000-000000000005', 'buyer5', 'hash_pw_5', 'buyer5@gmail.com', '0901000005', 'active', FALSE),
('c0000000-0000-4000-8000-000000000001', 'seller1', 'hash_pw_6', 'seller1@gmail.com', '0902000001', 'active', FALSE),
('c0000000-0000-4000-8000-000000000002', 'seller2', 'hash_pw_7', 'seller2@gmail.com', '0902000002', 'active', FALSE),
('c0000000-0000-4000-8000-000000000003', 'seller3', 'hash_pw_8', 'seller3@gmail.com', '0902000003', 'active', FALSE),
('c0000000-0000-4000-8000-000000000004', 'seller4', 'hash_pw_9', 'seller4@gmail.com', '0902000004', 'active', FALSE),
('c0000000-0000-4000-8000-000000000005', 'seller5', 'hash_pw_10', 'seller5@gmail.com', '0902000005', 'active', FALSE),
('a0000000-0000-4000-8000-000000000001', 'admin1', 'hash_pw_11', 'admin1@company.com', '0903000001', 'active', FALSE),
('a0000000-0000-4000-8000-000000000002', 'admin2', 'hash_pw_12', 'admin2@company.com', '0903000002', 'active', FALSE),
('a0000000-0000-4000-8000-000000000003', 'admin3', 'hash_pw_13', 'admin3@company.com', '0903000003', 'active', FALSE),
('a0000000-0000-4000-8000-000000000004', 'admin4', 'hash_pw_14', 'admin4@company.com', '0903000004', 'active', FALSE),
('a0000000-0000-4000-8000-000000000005', 'admin5', 'hash_pw_15', 'admin5@company.com', '0903000005', 'active', FALSE);

INSERT INTO BUYER (account_id, first_name, last_name, loyalty_points, is_deleted) VALUES
('b0000000-0000-4000-8000-000000000001', 'Nguyễn', 'Văn A', 150, FALSE),
('b0000000-0000-4000-8000-000000000002', 'Trần', 'Thị B', 200, FALSE),
('b0000000-0000-4000-8000-000000000003', 'Lê', 'Văn C', 50, FALSE),
('b0000000-0000-4000-8000-000000000004', 'Phạm', 'Thị D', 0, FALSE),
('b0000000-0000-4000-8000-000000000005', 'Hoàng', 'Văn E', 500, FALSE);

INSERT INTO SELLER (account_id, shop_name, tax_id, is_verified, is_deleted) VALUES
('c0000000-0000-4000-8000-000000000001', 'Tech Store VN', 'TAX001', TRUE, FALSE),
('c0000000-0000-4000-8000-000000000002', 'Fashion Hub', 'TAX002', TRUE, FALSE),
('c0000000-0000-4000-8000-000000000003', 'Book Worm', 'TAX003', FALSE, FALSE),
('c0000000-0000-4000-8000-000000000004', 'Home Appliance', 'TAX004', TRUE, FALSE),
('c0000000-0000-4000-8000-000000000005', 'Sport Gear', 'TAX005', TRUE, FALSE);

INSERT INTO ADMIN (account_id, employee_code, role, is_deleted) VALUES
('a0000000-0000-4000-8000-000000000001', 'EMP001', 'Super Admin', FALSE),
('a0000000-0000-4000-8000-000000000002', 'EMP002', 'Moderator', FALSE),
('a0000000-0000-4000-8000-000000000003', 'EMP003', 'Support Lead', FALSE),
('a0000000-0000-4000-8000-000000000004', 'EMP004', 'Financial Admin', FALSE),
('a0000000-0000-4000-8000-000000000005', 'EMP005', 'Content Manager', FALSE);

INSERT INTO ADDRESS (address_id, account_id, full_name, phone, house_num, street, ward, district, is_default, type, is_deleted) VALUES
('d0000000-0000-4000-8000-000000000001', 'b0000000-0000-4000-8000-000000000001', 'Nguyễn Văn A', '0901000001', '123', 'Lý Thường Kiệt', 'Phường 14', 'Quận 10', TRUE, 'home', FALSE),
('d0000000-0000-4000-8000-000000000002', 'b0000000-0000-4000-8000-000000000002', 'Trần Thị B', '0901000002', '45', 'Lê Lợi', 'Bến Nghé', 'Quận 1', TRUE, 'office', FALSE),
('d0000000-0000-4000-8000-000000000003', 'b0000000-0000-4000-8000-000000000003', 'Lê Văn C', '0901000003', '789', 'Nguyễn Trãi', 'Phường 11', 'Quận 5', TRUE, 'home', FALSE),
('d0000000-0000-4000-8000-000000000004', 'b0000000-0000-4000-8000-000000000004', 'Phạm Thị D', '0901000004', '12', 'Điện Biên Phủ', 'Phường 22', 'Bình Thạnh', TRUE, 'office', FALSE),
('d0000000-0000-4000-8000-000000000005', 'b0000000-0000-4000-8000-000000000005', 'Hoàng Văn E', '0901000005', '99', 'Cộng Hòa', 'Phường 4', 'Tân Bình', TRUE, 'home', FALSE);

INSERT INTO CATEGORY (category_id, name, parent_id, is_deleted) VALUES
('e0000000-0000-4000-8000-000000000001', 'Điện thoại & Phụ kiện', NULL, FALSE),
('e0000000-0000-4000-8000-000000000002', 'Máy tính Laptop', NULL, FALSE),
('e0000000-0000-4000-8000-000000000003', 'Thời trang nam', NULL, FALSE),
('e0000000-0000-4000-8000-000000000004', 'Đồ gia dụng', NULL, FALSE),
('e0000000-0000-4000-8000-000000000005', 'Sách & Văn phòng phẩm', NULL, FALSE);

INSERT INTO STORE (store_id, seller_id, store_name, rating, is_deleted) VALUES
('f0000000-0000-4000-8000-000000000001', 'c0000000-0000-4000-8000-000000000001', 'Apple Authorized VN', 4.9, FALSE),
('f0000000-0000-4000-8000-000000000002', 'c0000000-0000-4000-8000-000000000002', 'CoolMate Official', 4.8, FALSE),
('f0000000-0000-4000-8000-000000000003', 'c0000000-0000-4000-8000-000000000003', 'Fahasa BKS', 4.7, FALSE),
('f0000000-0000-4000-8000-000000000004', 'c0000000-0000-4000-8000-000000000004', 'Philips House', 4.5, FALSE),
('f0000000-0000-4000-8000-000000000005', 'c0000000-0000-4000-8000-000000000005', 'Nike Flagship', 4.9, FALSE);

INSERT INTO PRODUCT (product_id, store_id, category_id, name, description, base_price, status, is_deleted) VALUES
('10000000-0000-4000-8000-000000000001', 'f0000000-0000-4000-8000-000000000001', 'e0000000-0000-4000-8000-000000000001', 'iPhone 15 Pro Max', 'Điện thoại Apple mới nhất', 29000000, 'active', FALSE),
('10000000-0000-4000-8000-000000000002', 'f0000000-0000-4000-8000-000000000001', 'e0000000-0000-4000-8000-000000000002', 'MacBook Pro M3', 'Laptop mạnh mẽ', 45000000, 'active', FALSE),
('10000000-0000-4000-8000-000000000003', 'f0000000-0000-4000-8000-000000000002', 'e0000000-0000-4000-8000-000000000003', 'Áo thun Cotton Compact', 'Mềm mại, thoáng mát', 250000, 'active', FALSE),
('10000000-0000-4000-8000-000000000004', 'f0000000-0000-4000-8000-000000000004', 'e0000000-0000-4000-8000-000000000004', 'Nồi chiên không dầu Philips', 'Dung tích 5L', 2500000, 'active', FALSE),
('10000000-0000-4000-8000-000000000005', 'f0000000-0000-4000-8000-000000000003', 'e0000000-0000-4000-8000-000000000005', 'Clean Code', 'Sách cho lập trình viên', 350000, 'active', FALSE);

INSERT INTO PRODUCT_VARIANT (variant_id, product_id, sku, options, price_adj, stock, variant_image_url, is_deleted) VALUES
('20000000-0000-4000-8000-000000000001', '10000000-0000-4000-8000-000000000001', 'IP15PM-256', 'Màu: Titan, Dung lượng: 256GB', 0, 50, 'url_img_1', FALSE),
('20000000-0000-4000-8000-000000000002', '10000000-0000-4000-8000-000000000001', 'IP15PM-512', 'Màu: Titan, Dung lượng: 512GB', 5000000, 20, 'url_img_2', FALSE),
('20000000-0000-4000-8000-000000000003', '10000000-0000-4000-8000-000000000002', 'MAC-M3-16GB', 'RAM: 16GB, SSD: 512GB', 0, 15, 'url_img_3', FALSE),
('20000000-0000-4000-8000-000000000004', '10000000-0000-4000-8000-000000000003', 'TSHIRT-BLK', 'Màu: Đen, Size: L', 0, 200, 'url_img_4', FALSE),
('20000000-0000-4000-8000-000000000005', '10000000-0000-4000-8000-000000000004', 'PHILIPS-5L', 'Màu: Đen', 0, 30, 'url_img_5', FALSE),
('20000000-0000-4000-8000-000000000006', '10000000-0000-4000-8000-000000000005', 'BOOK-CLEANCODE', 'Bìa mềm', 0, 100, 'url_img_6', FALSE);

INSERT INTO PRODUCT_MEDIA (media_id, product_id, url, type, is_deleted) VALUES
('30000000-0000-4000-8000-000000000001', '10000000-0000-4000-8000-000000000001', 'img.apple.com/ip15_1', 'image', FALSE),
('30000000-0000-4000-8000-000000000002', '10000000-0000-4000-8000-000000000002', 'img.apple.com/macm3_1', 'image', FALSE),
('30000000-0000-4000-8000-000000000003', '10000000-0000-4000-8000-000000000003', 'img.coolmate.me/shirt_1', 'image', FALSE),
('30000000-0000-4000-8000-000000000004', '10000000-0000-4000-8000-000000000004', 'img.philips.com/fryer_1', 'image', FALSE),
('30000000-0000-4000-8000-000000000005', '10000000-0000-4000-8000-000000000005', 'img.fahasa.com/cleancode_1', 'image', FALSE);

INSERT INTO VOUCHER (voucher_id, store_id, code, discount_type, discount_val, max_discount_val, min_spend, usage_limit, exp_date, is_deleted) VALUES
('40000000-0000-4000-8000-000000000001', 'f0000000-0000-4000-8000-000000000001', 'APPLE500K', 'fixed', 500000, 500000, 10000000, 100, '2026-12-31 23:59:59', FALSE),
('40000000-0000-4000-8000-000000000002', 'f0000000-0000-4000-8000-000000000002', 'COOL10', 'percent', 10, 50000, 200000, 500, '2026-12-31 23:59:59', FALSE),
('40000000-0000-4000-8000-000000000003', NULL, 'FREESHIP', 'fixed', 30000, 30000, 0, 1000, '2026-06-30 23:59:59', FALSE), 
('40000000-0000-4000-8000-000000000004', 'f0000000-0000-4000-8000-000000000004', 'HOME200K', 'fixed', 200000, 200000, 1500000, 50, '2026-12-31 23:59:59', FALSE),
('40000000-0000-4000-8000-000000000005', 'f0000000-0000-4000-8000-000000000003', 'BOOK20', 'percent', 20, 100000, 300000, 200, '2026-12-31 23:59:59', FALSE);

INSERT INTO VOUCHER_WALLET (buyer_id, voucher_id, is_used) VALUES
('b0000000-0000-4000-8000-000000000001', '40000000-0000-4000-8000-000000000001', FALSE),
('b0000000-0000-4000-8000-000000000001', '40000000-0000-4000-8000-000000000003', TRUE),
('b0000000-0000-4000-8000-000000000002', '40000000-0000-4000-8000-000000000002', FALSE),
('b0000000-0000-4000-8000-000000000003', '40000000-0000-4000-8000-000000000003', FALSE),
('b0000000-0000-4000-8000-000000000004', '40000000-0000-4000-8000-000000000004', FALSE);

INSERT INTO CAMPAIGN (campaign_id, name, start_at, end_at, created_by, is_deleted) VALUES
('50000000-0000-4000-8000-000000000001', 'Siêu Sale 6.6', '2026-06-01 00:00:00', '2026-06-07 23:59:59', 'a0000000-0000-4000-8000-000000000001', FALSE),
('50000000-0000-4000-8000-000000000002', 'Back to School', '2026-08-15 00:00:00', '2026-09-15 23:59:59', 'a0000000-0000-4000-8000-000000000002', FALSE),
('50000000-0000-4000-8000-000000000003', 'Black Friday', '2026-11-25 00:00:00', '2026-11-30 23:59:59', 'a0000000-0000-4000-8000-000000000003', FALSE),
('50000000-0000-4000-8000-000000000004', 'Giáng Sinh Ấm Áp', '2026-12-15 00:00:00', '2026-12-25 23:59:59', 'a0000000-0000-4000-8000-000000000001', FALSE),
('50000000-0000-4000-8000-000000000005', 'Sale Lương Về', '2026-05-25 00:00:00', '2026-05-30 23:59:59', 'a0000000-0000-4000-8000-000000000005', FALSE);

INSERT INTO PROMOTION_ITEM (campaign_id, product_id, promo_price, is_deleted) VALUES
('50000000-0000-4000-8000-000000000001', '10000000-0000-4000-8000-000000000001', 28500000, FALSE),
('50000000-0000-4000-8000-000000000002', '10000000-0000-4000-8000-000000000002', 43000000, FALSE),
('50000000-0000-4000-8000-000000000003', '10000000-0000-4000-8000-000000000004', 1990000, FALSE),
('50000000-0000-4000-8000-000000000004', '10000000-0000-4000-8000-000000000003', 199000, FALSE),
('50000000-0000-4000-8000-000000000005', '10000000-0000-4000-8000-000000000005', 300000, FALSE);

INSERT INTO CART (cart_id, buyer_id, is_deleted) VALUES
('60000000-0000-4000-8000-000000000001', 'b0000000-0000-4000-8000-000000000001', FALSE),
('60000000-0000-4000-8000-000000000002', 'b0000000-0000-4000-8000-000000000002', FALSE),
('60000000-0000-4000-8000-000000000003', 'b0000000-0000-4000-8000-000000000003', FALSE),
('60000000-0000-4000-8000-000000000004', 'b0000000-0000-4000-8000-000000000004', FALSE),
('60000000-0000-4000-8000-000000000005', 'b0000000-0000-4000-8000-000000000005', FALSE);

INSERT INTO CART_ITEM (cart_id, variant_id, quantity) VALUES
('60000000-0000-4000-8000-000000000001', '20000000-0000-4000-8000-000000000001', 1),
('60000000-0000-4000-8000-000000000002', '20000000-0000-4000-8000-000000000004', 3),
('60000000-0000-4000-8000-000000000003', '20000000-0000-4000-8000-000000000005', 1),
('60000000-0000-4000-8000-000000000004', '20000000-0000-4000-8000-000000000002', 2),
('60000000-0000-4000-8000-000000000005', '20000000-0000-4000-8000-000000000003', 1);

INSERT INTO CUSTOMER_ORDER (order_id, buyer_id, store_id, order_sn, total_amount, shipping_address_snapshot, status) VALUES
('70000000-0000-4000-8000-000000000001', 'b0000000-0000-4000-8000-000000000001', 'f0000000-0000-4000-8000-000000000001', 'SN20260501001', 29000000, '{"name": "Nguyễn Văn A", "phone": "0901000001", "addr": "123 LTK, Q10"}', 'completed'),
('70000000-0000-4000-8000-000000000002', 'b0000000-0000-4000-8000-000000000002', 'f0000000-0000-4000-8000-000000000002', 'SN20260501002', 500000, '{"name": "Trần Thị B", "phone": "0901000002", "addr": "45 Lê Lợi, Q1"}', 'completed'),
('70000000-0000-4000-8000-000000000003', 'b0000000-0000-4000-8000-000000000003', 'f0000000-0000-4000-8000-000000000004', 'SN20260501003', 2500000, '{"name": "Lê Văn C", "phone": "0901000003", "addr": "789 N.Trãi, Q5"}', 'completed'),
('70000000-0000-4000-8000-000000000004', 'b0000000-0000-4000-8000-000000000004', 'f0000000-0000-4000-8000-000000000003', 'SN20260501004', 350000, '{"name": "Phạm Thị D", "phone": "0901000004", "addr": "12 DBP, B.Thạnh"}', 'completed'),
('70000000-0000-4000-8000-000000000005', 'b0000000-0000-4000-8000-000000000005', 'f0000000-0000-4000-8000-000000000001', 'SN20260501005', 45000000, '{"name": "Hoàng Văn E", "phone": "0901000005", "addr": "99 C.Hòa, T.Bình"}', 'completed');

INSERT INTO ORDER_ITEM (order_id, variant_id, quantity, price_at_buy) VALUES
('70000000-0000-4000-8000-000000000001', '20000000-0000-4000-8000-000000000001', 1, 29000000),
('70000000-0000-4000-8000-000000000002', '20000000-0000-4000-8000-000000000004', 2, 250000),
('70000000-0000-4000-8000-000000000003', '20000000-0000-4000-8000-000000000005', 1, 2500000),
('70000000-0000-4000-8000-000000000004', '20000000-0000-4000-8000-000000000006', 1, 350000),
('70000000-0000-4000-8000-000000000005', '20000000-0000-4000-8000-000000000003', 1, 45000000);

INSERT INTO PAYMENT (payment_id, order_id, method, amount, status) VALUES
('80000000-0000-4000-8000-000000000001', '70000000-0000-4000-8000-000000000001', 'credit_card', 29000000, 'success'),
('80000000-0000-4000-8000-000000000002', '70000000-0000-4000-8000-000000000002', 'e-wallet', 500000, 'success'),
('80000000-0000-4000-8000-000000000003', '70000000-0000-4000-8000-000000000003', 'cod', 2500000, 'success'),
('80000000-0000-4000-8000-000000000004', '70000000-0000-4000-8000-000000000004', 'cod', 350000, 'pending'),
('80000000-0000-4000-8000-000000000005', '70000000-0000-4000-8000-000000000005', 'credit_card', 45000000, 'pending');

INSERT INTO SHIPMENT (shipment_id, order_id, tracking_num, carrier, status) VALUES
('90000000-0000-4000-8000-000000000001', '70000000-0000-4000-8000-000000000001', 'GHN123456789', 'Giao Hàng Nhanh', 'delivered'),
('90000000-0000-4000-8000-000000000002', '70000000-0000-4000-8000-000000000002', 'GHTK987654321', 'Giao Hàng Tiết Kiệm', 'delivered'),
('90000000-0000-4000-8000-000000000003', '70000000-0000-4000-8000-000000000003', 'VNPOST111222', 'VNPost', 'delivered'),
('90000000-0000-4000-8000-000000000004', '70000000-0000-4000-8000-000000000004', 'JT333444555', 'J&T Express', 'shipping'),
('90000000-0000-4000-8000-000000000005', '70000000-0000-4000-8000-000000000005', 'NINJA666777', 'Ninja Van', 'packing');

INSERT INTO REVIEW (review_id, order_id, variant_id, buyer_id, rating, comment, is_deleted) VALUES
('a1000000-0000-4000-8000-000000000001', '70000000-0000-4000-8000-000000000001', '20000000-0000-4000-8000-000000000001', 'b0000000-0000-4000-8000-000000000001', 5, 'Điện thoại xài rất mượt!', FALSE),
('a1000000-0000-4000-8000-000000000002', '70000000-0000-4000-8000-000000000002', '20000000-0000-4000-8000-000000000004', 'b0000000-0000-4000-8000-000000000002', 4, 'Áo vải mát nhưng giao nhầm màu.', FALSE),
('a1000000-0000-4000-8000-000000000003', '70000000-0000-4000-8000-000000000003', '20000000-0000-4000-8000-000000000005', 'b0000000-0000-4000-8000-000000000003', 5, 'Nồi chiên to, nướng gà thoải mái.', FALSE),
('a1000000-0000-4000-8000-000000000004', '70000000-0000-4000-8000-000000000004', '20000000-0000-4000-8000-000000000006', 'b0000000-0000-4000-8000-000000000004', 3, 'Bọc hàng hơi móp móp hộp.', FALSE),
('a1000000-0000-4000-8000-000000000005', '70000000-0000-4000-8000-000000000005', '20000000-0000-4000-8000-000000000003', 'b0000000-0000-4000-8000-000000000005', 5, 'MacBook chạy cực nhanh.', FALSE);

INSERT INTO REVIEW_MEDIA (media_id, review_id, url, is_deleted) VALUES
('b1000000-0000-4000-8000-000000000001', 'a1000000-0000-4000-8000-000000000001', 'img.review.com/iphone_hand', FALSE),
('b1000000-0000-4000-8000-000000000002', 'a1000000-0000-4000-8000-000000000002', 'img.review.com/shirt_wrong_color', FALSE),
('b1000000-0000-4000-8000-000000000003', 'a1000000-0000-4000-8000-000000000003', 'img.review.com/chicken_fryer', FALSE),
('b1000000-0000-4000-8000-000000000004', 'a1000000-0000-4000-8000-000000000004', 'img.review.com/box_damage', FALSE),
('b1000000-0000-4000-8000-000000000005', 'a1000000-0000-4000-8000-000000000005', 'img.review.com/macbook_fast', FALSE);

INSERT INTO RETURN_REQUEST (request_id, order_id, variant_id, quantity, reason, status) VALUES
('c1000000-0000-4000-8000-000000000001', '70000000-0000-4000-8000-000000000002', '20000000-0000-4000-8000-000000000004', 1, 'Giao nhầm size', 'pending'),
('c1000000-0000-4000-8000-000000000002', '70000000-0000-4000-8000-000000000001', '20000000-0000-4000-8000-000000000001', 1, 'Máy bị trầy xước nhẹ viền', 'rejected'),
('c1000000-0000-4000-8000-000000000003', '70000000-0000-4000-8000-000000000003', '20000000-0000-4000-8000-000000000005', 1, 'Cắm điện không lên', 'approved'),
('c1000000-0000-4000-8000-000000000004', '70000000-0000-4000-8000-000000000004', '20000000-0000-4000-8000-000000000006', 1, 'Sách bị rách gáy', 'pending'),
('c1000000-0000-4000-8000-000000000005', '70000000-0000-4000-8000-000000000005', '20000000-0000-4000-8000-000000000003', 1, 'Hủy đơn do tìm được chỗ rẻ hơn', 'rejected');

SET FOREIGN_KEY_CHECKS = 1;